,0,1
instruction,Create a function to calculate the sum of a sequence of integers.,Develop a function that will add two strings
input,"[1, 2, 3, 4, 5]","str1 = ""Hello ""
str2 = ""world"""
output,"# Python code
def sum_sequence(sequence):
  sum = 0
  for num in sequence:
    sum += num
  return sum","def add_strings(str1, str2):
    """"""This function takes two strings and returns the sum of them.""""""
    return str1 + str2

str1 = ""Hello ""
str2 = ""world""
sum_of_strings = add_strings(str1, str2)"
n_tokens,13,8
ada_v2,"[-0.003875269088894129, -0.0068696304224431515, 0.0011890442110598087, 0.0037483894266188145, -0.0023690254893153906, 0.0045386687852442265, -0.017908165231347084, -0.014645544812083244, -0.023505374789237976, -0.009925618767738342, 0.02479592151939869, 0.024288402870297432, 0.02385338768362999, 0.014652795158326626, 0.007649034261703491, -0.012796726077795029, -0.006133728194981813, -0.00559720816090703, 0.01357975509017706, 0.00023246176715474576, -0.03213319554924965, 0.0041036526672542095, 0.017023632302880287, -0.0068152532912790775, -0.029929112643003464, -0.0019702608697116375, 0.0072248936630785465, -0.020358756184577942, 0.003503692802041769, -0.02627497725188732, 0.030132120475172997, -0.01655961573123932, -0.004763427190482616, -0.042138565331697464, -0.013594255782663822, -0.01263721939176321, -0.017096135765314102, -3.953662599087693e-05, 0.02427390217781067, -0.015385071747004986, 0.04329860955476761, -0.01766165718436241, -0.01287647895514965, -0.011288669891655445, 0.00015350179455708712, -0.00634036073461175, -0.008149302564561367, -0.025636952370405197, -0.028247050940990448, 0.01571858488023281, 0.024404406547546387, 0.011506177484989166, -0.04019549489021301, 0.001091165584512055, -0.013427499681711197, 0.006971134338527918, 0.01916971243917942, 0.0006919475854374468, -0.0016666557639837265, -0.00407102657482028, 0.004284909460693598, 0.01590709201991558, -0.013565254397690296, -0.018198177218437195, 0.0017001882661134005, -0.008149302564561367, 0.01358700543642044, 0.019242215901613235, -0.020416758954524994, 0.041674550622701645, 0.019938241690397263, 0.016414610669016838, 0.013819013722240925, -0.0004492901498451829, 0.015153063461184502, 0.005974221974611282, -0.0102953827008605, -0.01766165718436241, 0.009345597587525845, 0.01450778916478157, 0.03465628996491432, 0.009671859443187714, 0.013144738972187042, 0.00660137040540576, 0.005898094270378351, -0.01680612564086914, 0.012296456843614578, 0.04875081405043602, 0.005325322970747948, -0.0032046190463006496, 0.021257789805531502, -0.010048873722553253, 0.0026372855063527822, 0.006017723586410284, -0.0017137824324890971, 0.00020278098236303777, -0.024737920612096786, 0.007612782996147871, -0.0354103147983551, -0.010027122683823109, -0.012774975039064884, -0.002601034240797162, -0.0012796726077795029, -0.012252955697476864, -0.04147154092788696, -0.017255641520023346, -0.015646081417798996, -0.016458112746477127, 0.02816004678606987, 0.008548067882657051, 0.0032046190463006496, 0.02433190494775772, -0.0034746916498988867, -0.01869119517505169, -0.01424677949398756, -0.025346942245960236, 0.025259939953684807, 0.011223417706787586, -0.02044576033949852, -0.04364662244915962, 0.017110636457800865, 0.012760474346578121, 0.032626211643218994, -0.0001665296294959262, 0.03865843638777733, 0.021069282665848732, 0.007272020447999239, -0.017734158784151077, -0.03477229177951813, -0.03233620151877403, 0.03137916699051857, 0.032771218568086624, 0.0001426263916073367, 0.024172399193048477, -0.017168639227747917, 0.019430723041296005, 0.006963883992284536, 0.008410312235355377, -0.02404189296066761, 0.009476101957261562, 0.015008058398962021, 0.0012769537279382348, -0.035236310213804245, -0.014486038126051426, -0.0005473953788168728, 0.03123416192829609, 0.027043504640460014, -0.009860366582870483, 0.012405211105942726, -0.0423995777964592, -0.005452202633023262, -0.008859829045832157, 0.019198713824152946, 0.022214826196432114, -0.007859292440116405, -0.01547207497060299, -0.001895945519208908, 0.018053170293569565, -0.01081740204244852, 0.027797533199191093, 0.007369899190962315, -0.0005936158122494817, 0.002735164249315858, -0.01424677949398756, 0.003197368932887912, 0.008113051764667034, 0.00259015872143209, -0.013311495073139668, -0.028319552540779114, -0.021649304777383804, 0.021591302007436752, 0.007852042093873024, -0.007446026895195246, 0.005941595882177353, -0.011390173807740211, -0.0024741545785218477, -0.018908703699707985, -0.010527390986680984, -0.01261546928435564, -0.0017346269451081753, 0.0179806686937809, 0.018024170771241188, 0.020083246752619743, 0.019140711054205894, -0.005680586211383343, -0.029508596286177635, 0.015443074516952038, 0.015240066684782505, -0.003969522658735514, 0.0015479325084015727, 0.012122450396418571, -0.0003246761334594339, 0.008961332961916924, -0.020083246752619743, -0.5693491697311401, -0.006318609695881605, -0.011955694295465946, -0.042138565331697464, 0.021982816979289055, -0.01622610352933407, 0.002838480519130826, 0.003099490189924836, -0.011491676792502403, 0.021170787513256073, -0.015153063461184502, 0.013739260844886303, -0.010056124068796635, -0.01969173178076744, -0.0014174276730045676, -0.015385071747004986, 0.005539205856621265, -0.04570569843053818, -0.03549731895327568, 0.027957038953900337, -0.025390444323420525, 0.01756015233695507, 0.005550081375986338, 0.027435019612312317, 0.03520730882883072, -0.00014579838898498565, 0.0023690254893153906, -0.006938507780432701, -0.007003760430961847, 0.0036867621820420027, -0.014420785941183567, -0.00958485621958971, -0.017429647967219353, -0.006445489823818207, 0.04686574265360832, -0.028972076252102852, -0.008359560742974281, 0.015559078194200993, 0.0009733486804179847, 0.024549413472414017, -0.016675619408488274, -0.013659507967531681, 0.04741676151752472, -0.02328786626458168, -0.034192271530628204, 0.003871643915772438, 0.028276050463318825, -0.011651183478534222, 0.011274169199168682, -0.01902470737695694, 0.014906554482877254, -0.01969173178076744, 0.01637110859155655, 0.007344522979110479, 0.0018651318969205022, -0.003831767477095127, 0.008548067882657051, 0.014805050566792488, 0.014725297689437866, -0.01789366453886032, -0.01940172165632248, 0.0035181932616978884, -0.04094952344894409, -0.013521752320230007, -0.0011672934051603079, 0.011245167814195156, -0.02933458983898163, -0.010288132354617119, 0.0012289206497371197, -0.008040549233555794, 0.0183721836656332, 0.014065522700548172, 0.01138292346149683, 0.02437540702521801, 0.021228788420557976, -0.00801879819482565, 0.04138454049825668, -0.008693072944879532, -0.004756176844239235, 0.02356337569653988, 0.03195918723940849, -0.01722664013504982, -0.035004302859306335, -0.008345060050487518, 0.004843180067837238, 0.007714286912232637, -0.027130508795380592, -0.0058944690972566605, 0.013543503358960152, 0.019343718886375427, 0.03767240047454834, 0.014594792388379574, 0.017400646582245827, -0.0164291113615036, -0.0002462826087139547, 0.015675082802772522, -0.00814205314964056, 0.014964556321501732, -0.007627283688634634, -0.0681525319814682, -0.014254029840230942, -0.002272959565743804, 0.01605209708213806, -0.020880775526165962, -0.0020101373083889484, -0.013166489079594612, 0.0043284110724925995, 0.0074206506833434105, 0.05626209080219269, -0.02092427760362625, -0.007446026895195246, -0.035091303288936615, 0.004100027494132519, -0.004883056506514549, -0.0218668133020401, -0.03230720013380051, 0.01793716661632061, -0.0028185422997921705, 0.008700323291122913, -0.004477041307836771, -0.013456500135362148, 0.019387220963835716, 0.014732548035681248, -0.0035109431482851505, -0.005912594962865114, 0.011245167814195156, 0.012318207882344723, -0.024288402870297432, -0.021692806854844093, -0.012789475731551647, 0.003773765405640006, 0.013507252559065819, 0.0012225767131894827, -0.005415951367467642, 0.006546993274241686, -0.02030075527727604, 0.013558004051446915, 0.005492079071700573, 0.019952742382884026, -0.03842642903327942, -0.035758327692747116, -0.01816917583346367, 0.007888292893767357, -0.012970732524991035, -0.0007934513851068914, -0.010686897672712803, -0.03265521302819252, 0.00218233116902411, 0.02489742636680603, 0.009142589755356312, -0.0218668133020401, 0.00611560232937336, -0.01357975509017706, -0.01081015169620514, 0.0016965630929917097, -0.021605802699923515, 0.008004297502338886, -0.01313023827970028, -0.009171591140329838, -0.018517188727855682, -0.008287058211863041, 0.005622583907097578, -0.007518529426306486, -0.0017509401077404618, -0.004393663257360458, -0.008033298887312412, -0.014145275577902794, 0.007518529426306486, -0.022113321349024773, -0.02305585704743862, 0.0009960058378055692, -0.023273365572094917, -0.027797533199191093, 0.002659036312252283, -0.0034565660171210766, 0.06101826950907707, -0.02092427760362625, -0.0037665150593966246, 0.0003813188523054123, -0.020474761724472046, 0.007736037485301495, -0.0034511282574385405, -0.028928576037287712, -0.003142991801723838, 0.05968422070145607, 0.009360098280012608, 0.03828142210841179, -0.01651611365377903, 0.01751665212213993, 0.00991836842149496, 0.009490602649748325, 0.01674812287092209, -0.0030070492066442966, 0.02006874606013298, 0.014486038126051426, 0.046981748193502426, 0.0018252553418278694, -0.010324384085834026, -0.006924007553607225, 0.005553706549108028, 0.04703974723815918, 0.0017455023480579257, -0.013398498296737671, -0.03558432310819626, 0.007315522059798241, -0.03166917711496353, 0.012912729755043983, -0.0013666758313775063, 0.012477713637053967, -0.017618155106902122, 0.006525242701172829, 0.00037134974263608456, -0.022983353585004807, 0.005673335865139961, -0.0005908969906158745, 0.036135341972112656, -0.0011246980866417289, -0.011861440725624561, 0.03004511632025242, -0.012738723307847977, 0.03166917711496353, -0.024636415764689445, 0.04480666667222977, 0.002151517430320382, -0.007982546463608742, 0.008903331123292446, -0.002013762481510639, 0.006217106245458126, 0.013855265453457832, 0.0033441868145018816, 0.009925618767738342, 0.007496778853237629, -0.009120838716626167, 0.004738050978630781, 0.03361225128173828, -0.011063911020755768, 0.003202806692570448, -0.007181392051279545, 0.03184318542480469, 0.020373256877064705, -0.022403333336114883, 0.004607546143233776, 0.029929112643003464, -0.03833942487835884, 0.020170249044895172, -0.009106338955461979, 0.027580024674534798, 0.00398764805868268, 0.02276584692299366, 0.019140711054205894, 0.0009760675602592528, 0.012912729755043983, -0.02933458983898163, 0.02295435406267643, -0.0038245171308517456, -0.006398363038897514, 0.003255371004343033, 0.003188306000083685, 0.031785182654857635, 0.035381317138671875, -0.012144201435148716, 0.002254833932965994, -0.013565254397690296, 0.02485392428934574, -0.0024687168188393116, -0.015747586265206337, 0.0029707979410886765, -0.004574920050799847, -0.010193878784775734, -0.029668103903532028, -9.085494093596935e-05, -0.009505103342235088, -0.033960264176130295, -0.015080560930073261, 0.02773953042924404, 0.002160580363124609, 0.025578951463103294, 0.02266434207558632, -0.0012171389535069466, -0.012216703966259956, -5.777558544650674e-05, -0.006438239477574825, 0.018807198852300644, 0.0017464086413383484, -0.023635879158973694, -0.009570355527102947, -0.005245570093393326, -0.013688509352505207, 0.006963883992284536, 0.0014319282490760088, -0.003184680826961994, 0.011440925300121307, 0.016356607899069786, 0.012397960759699345, -0.028551561757922173, 0.015892591327428818, 0.01902470737695694, 0.006427363958209753, -0.03271321579813957, -0.02678249590098858, -0.005231069400906563, -0.016864126548171043, 0.002533969236537814, -0.004937433637678623, 0.004081901628524065, -0.006202605552971363, 0.008127552457153797, -0.023084858432412148, -0.00417615519836545, 0.014921055175364017, 0.0016276855021715164, -0.03848443180322647, -0.02636197954416275, 0.012956231832504272, 0.024201400578022003, -0.011034910567104816, 0.005260070785880089, 0.004676423966884613, 0.032916225492954254, 0.014921055175364017, -0.020141249522566795, -0.028232550248503685, -0.02437540702521801, 0.03077014349400997, 0.006438239477574825, 0.032829221338033676, -0.014783299528062344, 0.0019140711519867182, -0.010897154919803143, 0.05220194160938263, -0.009606607258319855, -0.016342107206583023, 0.02333136834204197, -0.013630506582558155, 0.005782090127468109, 0.01774865947663784, -0.0011591368820518255, -0.005125940777361393, -0.0029762357007712126, 0.0010250068735331297, -0.0014301156625151634, -0.03401826322078705, 0.02215682342648506, -0.016820624470710754, -0.01036788523197174, 0.04532868415117264, 0.019517725333571434, 0.023505374789237976, -0.01261546928435564, 0.004828679375350475, 0.02504243142902851, 0.02749302238225937, -0.005589957814663649, -0.022461334243416786, -0.027058005332946777, 0.018009670078754425, -0.001063977018930018, 0.014797800220549107, -0.006086601410061121, 0.0372953861951828, 0.02470891922712326, 0.01595059223473072, 0.030538136139512062, -0.015370571054518223, -0.005383325275033712, -0.0013086736435070634, -0.0016539677744731307, 0.0074097756296396255, 0.0037121379282325506, -0.003291622269898653, -0.021707307547330856, 0.02082277461886406, 0.02636197954416275, 0.016443612053990364, 0.013173739425837994, -0.0328582227230072, -0.02195381559431553, -0.03004511632025242, 0.00951235368847847, 0.023113859817385674, 0.015428573824465275, -0.010679647326469421, -0.005129565484821796, -0.05002686008810997, -0.01655961573123932, 0.0008074987563304603, 0.024360906332731247, -0.010752149857580662, -0.0041435291059315205, -0.018952203914523125, -0.018705695867538452, 0.020387757569551468, -0.01816917583346367, -0.014000270515680313, -0.005252820439636707, -0.015428573824465275, -0.021170787513256073, 0.01651611365377903, 0.02882707118988037, 0.012709722854197025, 0.00861332006752491, -0.0020790148992091417, 0.0007001041667535901, -0.014906554482877254, -0.0029091706965118647, -0.031640175729990005, -0.008265307173132896, 0.0002548922784626484, 0.012122450396418571, 0.017110636457800865, 0.0022838348522782326, -0.030219122767448425, -0.0007368086371570826, 0.003425752278417349, 0.00021512909734155983, -0.0005673335981555283, 0.01547207497060299, -0.02201181836426258, 0.00988936796784401, 0.009932869113981724, -0.012956231832504272, 0.02395489066839218, 0.008323309011757374, -0.018444685265421867, 0.03445328027009964, -0.017284642904996872, 0.028131045401096344, -0.029421593993902206, -0.014471538364887238, -0.015617080964148045, 0.00462567200884223, 0.0179806686937809, -0.012078949250280857, -0.04582170397043228, 0.0114046735689044, 0.014478788711130619, 0.02366488054394722, 0.03129216283559799, 0.013006983324885368, 0.013383997604250908, 0.024433407932519913, 0.001228014356456697, -0.01789366453886032, -0.011875941418111324, -0.0037266386207193136, 0.005553706549108028, 0.010157627984881401, 0.02077927254140377, -0.012977982871234417, 0.00010133384785149246, -0.0059089697897434235, -0.026042968034744263, 0.0007966233533807099, 0.023403869941830635, 0.006499866489320993, 0.009345597587525845, 0.0011256043799221516, -0.009541355073451996, -0.0430666022002697, -0.019575728103518486, -0.021562302485108376, 0.0013041422935202718, -0.00842481292784214, -0.0017119698459282517, 0.0017364395316690207, 0.024911927059292793, -0.0037266386207193136, -0.020808273926377296, -0.01062164455652237, -0.02101128175854683, 0.004433539696037769, -0.018198177218437195, 0.02375188283622265, 0.0030269876588135958, 0.005205693654716015, 0.0017862851964309812, -0.010317133739590645, -0.004712675232440233, -0.008062299340963364, -0.036512356251478195, -0.032017190009355545, 0.0199237409979105, 0.02233082987368107, 0.035845331847667694, 0.04045650362968445, 0.007924544624984264, 0.056813113391399384, 0.008192804642021656, -0.006583244539797306, 0.0093238465487957, 0.02172180823981762, -0.008330559358000755, -0.010266381315886974, -0.014406285248696804, 0.04544468969106674, 0.01358700543642044, 0.022678842768073082, -0.025491947308182716, 0.016023095697164536, 0.0003600211930461228, -0.004785177763551474, -0.019474223256111145, 0.0019666356965899467, -0.03259721025824547, -0.0007408868987113237, 0.013623256236314774, 0.009715361520648003, 0.011796188540756702, -0.0257529579102993, -0.03532331436872482, 0.021649304777383804, 0.014935554936528206, 0.020358756184577942, 0.03071214258670807, 0.03114715777337551, -0.0026499736122787, 0.025361442938447, 0.007388024590909481, 0.03648335486650467, 0.0017618155106902122, -0.020793773233890533, -0.024215901270508766, 0.0028620439115911722, 0.0046945493668317795, 0.004201531410217285, -0.008794576860964298, 0.01424677949398756, 0.011549679562449455, 0.00847556535154581, 0.02554995007812977, -0.0340762659907341, -0.015037058852612972, 0.030277125537395477, -0.0064599900506436825, 0.001798973185941577, 0.009809615090489388, -0.015037058852612972, 0.017284642904996872, 0.010839153081178665, 0.029378091916441917, -4.3275045754853636e-05, -0.005260070785880089, -0.027986040338873863, -0.012912729755043983, -0.018633192405104637, -0.027797533199191093, 0.010092374868690968, -0.0005102377035655081, 0.023693880066275597, 0.007243019063025713, 0.019575728103518486, -0.009157090447843075, -0.0018977581057697535, 0.003597946371883154, 0.017879163846373558, 0.03062513843178749, 0.0334092415869236, -0.007145140785723925, -0.033061228692531586, -0.014283031225204468, -0.022968854755163193, -0.018256178125739098, -0.010795651003718376, 0.010686897672712803, -0.02130129188299179, 0.018444685265421867, -0.022649841383099556, 0.006510742008686066, -0.01883620023727417, 0.01684962585568428, -0.015254567377269268, 0.026811497285962105, 0.00892508216202259, 0.004216031637042761, -0.020590765401721, 0.010019872337579727, 0.01835768297314644, 0.039122454822063446, 0.014145275577902794, -0.009345597587525845, -0.012194953858852386, -0.02370838075876236, -0.026376480236649513, 0.004023899789899588, 0.008490066044032574, 0.024215901270508766, 0.0021297666244208813, -0.015370571054518223, 0.024723419919610023, 0.0011283231433480978, 0.005470328498631716, 0.004266783595085144, -0.022736845538020134, 0.035091303288936615, -0.023026855662465096, -0.003904270241037011, 0.01017212774604559, -0.00022407864162232727, -0.02347637340426445, 0.006104726810008287, -0.022446835413575172, -0.011883191764354706, -0.007511279080063105, 0.012600968591868877, 0.024766920134425163, -0.018053170293569565, -0.0072502694092690945, 0.034192271530628204, 0.008134802803397179, 0.014159776270389557, -0.040485505014657974, -0.01372476015239954, 0.007069012615829706, -0.021736308932304382, -0.010396886616945267, -0.05008486285805702, 0.020706769078969955, 0.06745650619268417, 0.02215682342648506, -0.012608218938112259, 0.013601506128907204, 0.02399839274585247, -0.0335252471268177, 0.02807304449379444, -0.018154675140976906, 0.0017799411434680223, -0.015820087864995003, 0.018212677910923958, -0.008453814312815666, 0.01906820945441723, 0.02437540702521801, -0.020808273926377296, -0.042138565331697464, -0.007786789443343878, 0.0022983355447649956, 0.007460527587682009, -0.013935018330812454, -0.006416488438844681, -0.02163480408489704, -0.01275322400033474, 0.023882387205958366, -0.023157361894845963, -0.009932869113981724, 0.002758727641776204, -0.018575191497802734, -0.003014299552887678, 0.021359294652938843, -0.005115065257996321, 0.03735338896512985, -0.005995973013341427, -0.0033604998607188463, 0.015370571054518223, -0.005256445612758398, -0.0010222879936918616, -0.0019503225339576602, 0.013862515799701214, -0.008852578699588776, -0.006797127891331911, -0.016023095697164536, 0.002847543451935053, 0.005767589434981346, -0.006220731418579817, 0.010237380862236023, -0.045792702585458755, -0.029668103903532028, 0.009606607258319855, 0.015776585787534714, 0.009309345856308937, -0.017313644289970398, -0.026477985084056854, -0.0017509401077404618, -0.0056298342533409595, 0.0027569150552153587, -0.015051559545099735, -9.130808030022308e-05, 0.029262088239192963, 0.02849355898797512, -0.003940521739423275, 2.0887007849523798e-05, -0.008229056373238564, -0.046314723789691925, -0.03581633046269417, -0.03564232587814331, -0.012325458228588104, 0.012180453166365623, 0.02082277461886406, 0.00485043041408062, 0.04918582737445831, -0.02295435406267643, -0.015646081417798996, -0.024215901270508766, 0.012318207882344723, 0.016443612053990364, 0.014848551712930202, 0.0039332713931798935, 0.0009461601730436087, -0.005956096574664116, -0.016313105821609497, 0.014892053790390491, 0.00205363892018795, -0.010389636270701885, 0.019909240305423737, 0.017531150951981544, -0.02768152952194214, -0.00963560864329338, -0.0033043103758245707, 0.012521215714514256, -0.01036063488572836, 0.01803867146372795, -0.014689045958220959, -0.01308673620223999, -0.0037882658652961254, -0.004281284287571907, -0.016545115038752556, -0.014921055175364017, -0.012455963529646397, -0.04074651375412941, -0.021837811917066574, -0.030132120475172997, -0.0027967914938926697, -0.010273631662130356, -0.007663534954190254, 0.03416327014565468, -0.008192804642021656, -0.00840306282043457, 0.023200862109661102, 0.010541891679167747, -0.0015334320487454534, -0.021272290498018265, 0.01306498609483242, -0.02304135635495186, -0.022316329181194305, 0.027609026059508324, 0.0058690933510661125, -0.017574653029441833, -0.012927230447530746, -0.0026971001643687487, -0.012368960306048393, -0.007794039789587259, -0.034105267375707626, -0.03526531159877777, -0.022881850600242615, -0.0021678307093679905, 0.019996242597699165, -0.024868424981832504, 0.0009932869579643011, 0.012477713637053967, -0.019952742382884026, 0.004255908075720072, -0.03062513843178749, -0.002561157802119851, -0.004165279679000378, 0.02646348439157009, 0.012731472961604595, -0.031640175729990005, -0.007152391131967306, -0.0013331433292478323, -0.00018476859258953482, -0.01816917583346367, 0.013471000827848911, 0.2162320464849472, 0.010208379477262497, -0.01613909937441349, 0.05092589184641838, -0.010781151242554188, 0.011701934970915318, 0.010048873722553253, -0.004042025189846754, -0.03512030467391014, -0.008359560742974281, 0.0015814650105312467, 0.0022312705405056477, -0.010331634432077408, 0.019445223733782768, -0.0025394069962203503, 0.0016032158164307475, 0.005492079071700573, -0.00701826112344861, -0.016733622178435326, 0.015486575663089752, 0.03210419416427612, 0.024433407932519913, -0.021141786128282547, -0.01869119517505169, 0.008968583308160305, 0.010048873722553253, -0.0076055326499044895, 0.003017924726009369, 0.025912463665008545, -0.009969120845198631, -0.021040283143520355, 0.015486575663089752, 0.008910581469535828, 0.04042750224471092, -0.021098284050822258, 0.0035018802154809237, 0.01372476015239954, -0.014565791934728622, 0.03413426876068115, 0.04454565793275833, 0.007431526202708483, -0.013630506582558155, -0.014609293080866337, -0.0068152532912790775, 0.0025847211945801973, -0.0011672934051603079, -0.0006040380685590208, -0.03477229177951813, -0.012593718245625496, 0.03686036914587021, -0.0315241739153862, -0.03683136776089668, 0.022693343460559845, 0.03123416192829609, -0.005800215527415276, -0.0032952474430203438, 0.004147154279053211, -0.003926021046936512, 0.04770677536725998, 0.02138829603791237, -0.002133391797542572, 0.026057468727231026, -0.01747315004467964, 0.0004930183058604598, -0.01998174376785755, 0.015631580725312233, -0.03923846036195755, 0.036512356251478195, 0.008823578245937824, -0.02655048668384552, -0.014014771208167076, -0.011984695680439472, 0.009389098733663559, 0.014254029840230942, -0.04442965239286423, -0.00028774506063200533, 0.018966704607009888, 0.014935554936528206, 0.015051559545099735, 0.04042750224471092, -0.02849355898797512, -0.012267456389963627, 0.00027392423362471163, -0.010433138348162174, -0.018850700929760933, -0.010070624761283398, 0.013942268677055836, 0.0022312705405056477, -0.022301828488707542, 0.016777124255895615, 0.00814205314964056, -0.017386145889759064, -0.01112191379070282, 0.012100700289011002, -0.006851504556834698, -0.014123525470495224, -0.023925889283418655, -0.0027696029283106327, -0.019517725333571434, -0.0007544811815023422, -0.011883191764354706, 0.020996781066060066, -0.019648229703307152, 0.011846940033137798, 0.016124598681926727, -0.021939314901828766, -0.007533030118793249, 0.008243556134402752, 0.020039744675159454, -0.045357685536146164, -0.04199356213212013, -0.01718313805758953, 0.0014346471289172769, -0.013079485855996609, 0.0010521953226998448, -0.013507252559065819, -0.002591971307992935, 0.006427363958209753, -0.02001074329018593, 0.02309935912489891, -0.009780613705515862, -0.043994635343551636, -0.03857143223285675, 0.01131042093038559, 0.00604672497138381, -0.006296859122812748, -0.03451128304004669, -0.002582908608019352, 0.01954672671854496, -0.03256821259856224, 0.030886149033904076, -0.0033604998607188463, 0.0199237409979105, -0.014906554482877254, -0.03311923146247864, 0.0015189314726740122, -0.02044576033949852, -0.002272959565743804, -0.01256471686065197, -0.004361037164926529, -0.0005328948027454317, -0.020170249044895172, 0.005582707468420267, -0.021359294652938843, -0.005546456202864647, -0.019053708761930466, 0.024766920134425163, 0.02740601822733879, -0.009671859443187714, -0.023461872711777687, -0.0019865739159286022, -0.007366274017840624, 0.02153330110013485, -0.01353625301271677, 0.018212677910923958, -0.020518261939287186, -0.03976047784090042, -0.020460261031985283, -0.001534338342025876, -0.02351987361907959, -0.013151989318430424, -0.0003903816977981478, 0.0022077071480453014, -0.016443612053990364, -0.027478521689772606, -0.020431259647011757, -0.18456286191940308, 0.0102953827008605, 0.007692535873502493, -0.025810958817601204, 0.0025575326289981604, -0.016385609284043312, 0.04179055243730545, 0.006369361653923988, -0.0043284110724925995, 0.007917294278740883, 0.012608218938112259, -0.0013757386477664113, -0.048112787306308746, -0.014152525924146175, -0.01940172165632248, -0.017719658091664314, -0.03819442167878151, 0.02995811402797699, 0.029508596286177635, 0.019097210839390755, 0.043762627989053726, -0.009381848387420177, -0.01590709201991558, 0.034424278885126114, -0.0023454620968550444, 0.026796996593475342, -0.002492280211299658, -0.03210419416427612, 0.010019872337579727, -0.0244769100099802, 0.0003414423845242709, 0.01703813299536705, 0.0014264904893934727, -0.019488723948597908, -0.00011883644765475765, -0.004806928802281618, 0.007482278160750866, -0.02105478197336197, 0.008004297502338886, -0.010135876946151257, 0.020474761724472046, 0.028406556695699692, -0.005415951367467642, -0.003976773004978895, 0.0009833178482949734, 0.005836466792970896, 0.01017212774604559, -0.039586473256349564, 0.000807045609690249, -0.009860366582870483, -0.001729189301840961, -0.03836842626333237, 0.008069549687206745, -0.0053144474513828754, 0.001963010523468256, -0.015733085572719574, -0.018488187342882156, 0.01783566363155842, -0.02427390217781067, -0.006014098413288593, 0.01860419102013111, -0.026767995208501816, 0.02456391416490078, -0.007772288750857115, -0.006445489823818207, 0.02067776955664158, -0.0173716451972723, -0.015109561383724213, -0.01036788523197174, 0.017299143597483635, -0.007315522059798241, -0.008345060050487518, -0.0157620869576931, -0.014906554482877254, 0.015457574278116226, 0.035990338772535324, -0.028841571882367134, 0.001097509521059692, -0.03326423838734627, -0.020764771848917007, -0.01036063488572836, 0.06931257992982864, -0.002421590033918619, -0.006333110388368368, 0.0008229055674746633, 0.002039138227701187, 0.02949409745633602, 0.03964447230100632, 0.00951235368847847, -0.02138829603791237, 0.005347074009478092, -0.03520730882883072, 0.0025357818230986595, 0.01911170966923237, 0.00012450072972569615, 0.03166917711496353, -0.0123762097209692, -0.012144201435148716, 0.03491729870438576, -0.027522023767232895, -0.012521215714514256, -0.0013603317784145474, 0.0013385809725150466, 0.005760339088737965, 0.005151316523551941, 0.009454351849853992, -0.0024723419919610023, 0.001984761329367757, 0.012245705351233482, 0.009004835039377213, -0.032829221338033676, 0.000569599331356585, 0.007119764573872089, 0.0450676754117012, 0.012898229993879795, 0.022678842768073082, -0.013703009113669395, -0.005347074009478092, 0.003175618126988411, 0.02385338768362999, 0.0444006510078907, 0.005923470016568899, -0.036280348896980286, 0.008903331123292446, -0.02659398876130581, 0.004527793265879154, -0.11008809506893158, 0.017487650737166405, 0.009497852995991707, 0.030828146263957024, 0.024636415764689445, 0.043472617864608765, -0.01779216155409813, -0.0007114327163435519, -0.01580558717250824, 0.0047090500593185425, -0.01854619011282921, -0.020808273926377296, -0.0016331232618540525, 0.005937970709055662, 0.007663534954190254, 0.017357144504785538, -0.04454565793275833, -0.027522023767232895, 0.002561157802119851, 0.032249197363853455, 0.025926964357495308, -0.02504243142902851, 0.052085936069488525, -0.02134479396045208, 0.014718047343194485, 0.022983353585004807, -0.010657896287739277, 0.008410312235355377, 0.005191192962229252, -0.005292696878314018, 0.03865843638777733, 0.0060539753176271915, 0.018430184572935104, -0.018676694482564926, 0.003623322118073702, -0.021852312609553337, -0.015414073131978512, 0.004868555814027786, -0.00701826112344861, -0.004081901628524065, 0.005850967485457659, -0.02148979902267456, -0.00939634907990694, 0.02887057326734066, 0.0034275648649781942, 0.011999196372926235, -0.010831902734935284, -0.010389636270701885, -3.868698695441708e-05, -0.0049193077720701694, -0.003291622269898653, 0.004281284287571907, -0.012977982871234417, -0.027957038953900337, 0.010592644102871418, -0.01756015233695507, 0.006032224278897047, -0.017386145889759064, 0.018923204392194748, 0.02243233472108841, 0.0059089697897434235, 0.0005505673470906913, -0.037266384810209274, -0.00017978402320295572, 0.001817098818719387, 0.0018651318969205022, -0.005071563646197319, 0.03512030467391014, 0.006492616608738899, -0.026057468727231026, -0.008062299340963364, 0.018299680203199387, -0.011136414483189583, 0.026825997978448868, -0.011883191764354706, 0.003014299552887678, -0.024824922904372215, -0.028102044016122818, 0.00991111807525158, -0.01613909937441349, -0.029073581099510193, -0.014529540203511715, -0.0009416287648491561, 0.023157361894845963, -0.01977873593568802, -0.010266381315886974, -0.01230370718985796, 0.0017953480128198862, 0.016255104914307594, 0.005386950448155403, 0.015327069908380508, 0.013021484017372131, 0.03761439770460129, 0.008200054988265038, -0.010193878784775734, -0.014493288472294807, 0.0014074585633352399, 0.00031130845309235156, 0.027232011780142784, 0.02489742636680603, -0.03309023007750511, 0.02375188283622265, -0.04263158515095711, 0.027319015935063362, 0.0013186427531763911, -0.030219122767448425, -0.01178168784826994, 0.000382904865546152, 0.00873657502233982, -0.023302366957068443, 0.0039332713931798935, 0.009896618314087391, -0.005952471401542425, 0.019300216808915138, -0.029421593993902206, -0.014602042734622955, 0.007649034261703491, -0.04022449627518654, 0.023070357739925385, -0.018212677910923958, 0.04225457087159157, 0.005122315604239702, -0.03978947922587395, 0.012071698904037476, 0.001625872915610671, 0.025361442938447, 0.009505103342235088, -0.02787003666162491, -0.011629432439804077, 0.012571967206895351, -0.005231069400906563, -0.022272828966379166, 0.0070798881351947784, -0.0046691736206412315, -0.010404136963188648, 0.024969927966594696, 0.021736308932304382, -0.007678035646677017, 0.027913538739085197, -0.005176692269742489, 0.019329218193888664, -0.02876907028257847, 0.0038680187426507473, -0.0013041422935202718, 0.002048201160505414, 0.0003255824267398566, 0.026608489453792572, 0.005365199409425259, 0.007518529426306486, 0.006014098413288593, 0.015573578886687756, 0.024882925674319267, -0.0045241680927574635, 0.01618260145187378, 0.008185554295778275, -0.004201531410217285, -0.009447101503610611, -0.03964447230100632, 0.0056298342533409595, -0.005231069400906563, 0.01622610352933407, -0.018618691712617874, 0.021359294652938843, -0.0024723419919610023, 0.0257529579102993, 0.017342645674943924, -0.022939853370189667, -0.031640175729990005, -0.015298068523406982, 0.036280348896980286, 0.03445328027009964, -0.04126853495836258, -0.02366488054394722, 0.008743825368583202, -0.014254029840230942, 0.011150914244353771, 0.010273631662130356, -0.031785182654857635, -0.03335123881697655, -0.013601506128907204, 0.00354356924071908, 0.011172665283083916, 0.027986040338873863, 0.0056443349458277225, -0.017966168001294136, 0.015008058398962021, 0.03181418403983116, 0.014341033063828945, 0.003791891038417816, 0.0009805989684537053, 0.011165414936840534, -0.01301423367112875, 0.010607144795358181, -0.0017400647047907114, -0.012731472961604595, 0.011651183478534222, 0.000869126059114933, 0.04764877259731293, -0.0040891519747674465, -0.004321160726249218, -0.009171591140329838, 0.035004302859306335, 0.003199181519448757, 0.011709185317158699, -0.002938171848654747, -0.0034420655574649572, 0.03190118446946144, 0.004067401401698589, 0.015211065299808979, -0.022229326888918877, 0.01443528663367033, 0.0006285077542997897, 0.0009352847700938582, 0.031582172960042953, -0.011672933585941792, 0.02631847932934761, 0.012963482178747654, 0.02930559031665325, 0.022403333336114883, -0.016458112746477127, -0.015327069908380508, 0.014181527309119701, 0.007021886296570301, 0.016501612961292267, 0.007127014920115471, -0.0074895285069942474, 0.030654139816761017, 0.016646618023514748, -0.01887970231473446, -0.02063426747918129, 0.01793716661632061, -0.002213144674897194, -0.008374061435461044, -0.006383862346410751, -0.010962408035993576, -0.015153063461184502, -0.015965092927217484, -0.004339286126196384, -0.007837541401386261, 0.021808810532093048, -0.011926693841814995, 0.05698711797595024, 0.008519066497683525, 0.005800215527415276, 0.001394770573824644, -0.020837275311350822, -0.0002902373671531677, -0.00203551328741014, 0.0074750278145074844, -0.019140711054205894, -0.024694418534636497, 0.007649034261703491, 0.015776585787534714, -0.03804941475391388, -0.018473686650395393, 0.014558541588485241, -0.007721537258476019, 0.002941796788945794, 0.037556394934654236, -0.037324387580156326, -0.02163480408489704, 0.014377284795045853, 0.005397825501859188, 0.03578732907772064, -0.009200592525303364, 0.007112514227628708, -0.017719658091664314, -0.0009606606909073889, -0.0002841199457179755, -0.002999799093231559, -0.04935983568429947, 0.004397288430482149, 0.005492079071700573, -0.004136278759688139, 0.00048758063348941505, -0.011796188540756702, -0.005452202633023262, 0.0032988726161420345, -0.0013476439053192735, 0.03865843638777733, 0.009490602649748325, -0.03761439770460129, -0.011469926685094833, -0.03993448615074158, -0.008649571798741817, -0.021924816071987152, 0.03123416192829609, -0.023679381236433983, 0.00495918421074748, -0.05115790292620659]","[0.019559601321816444, 0.02394315041601658, 0.005302214529365301, 0.016116417944431305, -0.023740610107779503, 0.006195561494678259, -0.004915217868983746, 0.008007573895156384, -0.008564558811485767, -0.01976214163005352, 0.0006058123544789851, -0.006177477538585663, -0.011682232841849327, 0.026807649061083794, -0.0022514518350362778, -0.010604429058730602, 0.014655234292149544, 0.022814713418483734, -0.003045337274670601, -0.006908069364726543, -0.005059889517724514, 0.0026836583856493235, 0.01929919235408306, 0.005052655935287476, -0.027154861018061638, 0.013541262596845627, 0.009244515560567379, -0.012477925978600979, 0.00553730595856905, -0.007002105936408043, 0.020051484927535057, -0.020282959565520287, -0.00855009164661169, -0.03122013248503208, -0.003884432604536414, -0.021859880536794662, -0.021859880536794662, 0.004716294351965189, 0.035097330808639526, -0.01770780421793461, 0.020933981984853745, 0.001070569851435721, -0.0024829264730215073, -0.008767099119722843, -0.04045018181204796, -0.028861986473202705, -0.013830605894327164, -0.047018274664878845, -0.00747228879481554, 0.027039123699069023, 0.0029368337709456682, 0.01747632957994938, -0.03894559666514397, 0.000863056571688503, -0.011479692533612251, 0.022727910429239273, -0.015320722945034504, 0.018648169934749603, 0.0031429906375706196, -0.021339062601327896, -0.006965938024222851, -0.006918919738382101, 0.00018095254199579358, -0.010633363388478756, -0.024058887735009193, 0.004441418219357729, 0.0013969852589070797, 0.009324084967374802, -0.0036620001774281263, 0.03347701206803322, 0.005009254440665245, 0.015537730418145657, -0.0016456395387649536, 0.007956938818097115, 0.02466650865972042, 0.022800246253609657, -0.0022207091096788645, -0.016347892582416534, 0.016246622428297997, 0.006918919738382101, 0.02361040748655796, -0.005989404395222664, 0.005790481343865395, 0.03550241142511368, 0.025346465408802032, -0.025968553498387337, 0.01963193714618683, 0.04918834567070007, -0.0178380087018013, -0.022221559658646584, 0.023682743310928345, 0.005345616023987532, -0.009664063341915607, 0.012752802111208439, -0.015783673152327538, -0.009447055868804455, -0.019863411784172058, 0.04126034304499626, -0.024970319122076035, -0.024463968351483345, -0.007530157454311848, -0.00304895406588912, -0.05025891587138176, -0.008730931207537651, -0.014575664885342121, 0.00882496777921915, 0.007164861541241407, 0.012694933451712132, 0.01180520374327898, -0.00041118383524008095, -0.013042145408689976, 0.028644979000091553, 0.011595429852604866, -0.008267982862889767, -0.014640767127275467, 0.005067123100161552, 0.00327862030826509, -0.017592066898941994, -0.02865944616496563, -0.010785268619656563, 0.017447395250201225, 0.01162436418235302, 0.0190243162214756, -0.01517605222761631, 0.04099993407726288, 0.006231729406863451, 0.008275216445326805, -0.01879284158349037, -0.023002786561846733, -0.016217688098549843, 0.05049039050936699, 0.006770631298422813, 0.0004618189122993499, 0.02100631780922413, -0.0005836595082655549, 0.04690253734588623, -0.023668276146054268, 0.011190349236130714, -0.039321742951869965, 0.0017414845060557127, 0.019776608794927597, 0.005092440638691187, -0.012485159561038017, 0.012051144614815712, -0.01669510453939438, 0.029194731265306473, 0.03715166822075844, 0.01256472896784544, 0.017071248963475227, -0.02100631780922413, -0.0029259833972901106, 0.008441588841378689, 0.010315085761249065, 0.00756632536649704, -0.013700401410460472, 0.005193710792809725, -0.003848264692351222, 0.024290362372994423, 0.0010226474842056632, 0.028543708845973015, 0.01247069239616394, 0.012318787164986134, 0.01157372910529375, -0.001170935807749629, 0.025780480355024338, 0.018358826637268066, -0.00988107081502676, 0.001055198605172336, -0.016029614955186844, -0.019964681938290596, -0.0036601917818188667, -0.006578941363841295, -0.023407867178320885, 0.009005807340145111, -0.007385485805571079, -0.006781481672078371, 0.011552028357982635, 0.015870476141572, -0.013787204399704933, 0.008094376884400845, 0.0258672833442688, 0.017215920612215996, -0.014047613367438316, 0.027256131172180176, -0.013092780485749245, -0.027719080448150635, -0.004643958527594805, 0.009570026770234108, 0.015870476141572, -0.005946002900600433, 0.015002446249127388, 0.00466565927490592, 0.005540922749787569, -0.009772567078471184, -0.5962784886360168, -0.002897049067541957, 0.012448991648852825, -0.06406059116125107, -0.017302723601460457, 0.010416355915367603, 0.002506435615941882, 0.01019934844225645, -0.040189772844314575, 0.05833159387111664, -0.016015147790312767, 0.029686614871025085, 0.009967873804271221, -0.020991850644350052, -0.0015072972746565938, -0.01655043289065361, 0.024478435516357422, -0.02732846699655056, 0.02164287306368351, 0.01061166264116764, -0.007530157454311848, 0.025939619168639183, 0.0074578216299414635, -0.002524519572034478, 0.010192114859819412, -0.008108844049274921, 0.024738844484090805, -0.024912450462579727, 0.0006614205194637179, 0.050606127828359604, -0.017736738547682762, -0.022091355174779892, 0.0029440673533827066, -0.022250493988394737, 0.047162946313619614, 0.005392634309828281, -0.01623215526342392, -0.007034657057374716, -0.0056168753653764725, 0.024840114638209343, 0.0014955427031964064, -0.019689805805683136, -0.0030977807473391294, 0.01015594694763422, -0.011646064929664135, -0.01650703139603138, 0.01741846092045307, -0.015407525934278965, 0.005602408200502396, -0.042070504277944565, 0.0009937131544575095, -0.022264961153268814, 0.009815968573093414, -0.014843307435512543, 0.022264961153268814, -0.003479352220892906, 0.022670041769742966, -0.006752547342330217, 0.019371528178453445, -0.0036095567047595978, 0.009967873804271221, -0.0024720760993659496, -0.047047208994627, 0.0013870390830561519, -0.019877878949046135, 0.021339062601327896, -0.022858114913105965, -0.0004398921155370772, -0.0018210539128631353, 0.018633702769875526, 0.013056612573564053, 0.012412823736667633, 0.007877369411289692, 0.013591897673904896, 0.00797863956540823, 0.029267067089676857, 0.02933940291404724, 0.0038229471538215876, -0.008419888094067574, 0.010445290245115757, 0.025838349014520645, -0.0013273620279505849, -0.04432738199830055, 0.0015669743297621608, 0.03150947764515877, 0.025433268398046494, -0.02810969389975071, 0.0030941639561206102, 0.009280683472752571, 0.003484777407720685, 0.027617810294032097, 0.014062080532312393, -0.009707464836537838, 0.008651361800730228, 0.013910175301134586, 0.05601684749126434, 0.0016582983080297709, 0.007732697296887636, 0.016752973198890686, -0.02149820141494274, -0.0025462203193455935, -0.020572302863001823, 0.0025172859895974398, 0.00022921408526599407, -0.0001260225399164483, -0.0072516645304858685, -0.0003743377747014165, 0.015089249238371849, 0.044038038700819016, -0.013635299168527126, -0.024478435516357422, -0.012709400616586208, -0.005667510442435741, -0.014778205193579197, 0.018329892307519913, -0.033911027014255524, 0.01581260748207569, -0.012506860308349133, 0.02026849240064621, -0.007508456707000732, -0.001730634132400155, 0.016405761241912842, -0.01233325432986021, -0.0003196338366251439, 0.02696678787469864, 0.0023075120989233255, -0.00364572461694479, -0.04209943860769272, -0.0014195902040228248, -0.012080078944563866, 0.002171882428228855, 0.01861923560500145, 0.00807267613708973, -0.022568771615624428, 0.02337893284857273, -0.015508796088397503, 0.020933981984853745, -0.009389187209308147, -0.006828499957919121, -0.02810969389975071, -0.034692250192165375, 0.007023806683719158, 0.005302214529365301, -0.015349657274782658, 0.004361848812550306, -0.003960385452955961, -0.005161159671843052, -0.01669510453939438, 0.007179328706115484, -0.008723697625100613, -0.014604599215090275, -0.007266131695359945, -0.026662977412343025, -0.00747228879481554, 0.004962236154824495, -0.008890070021152496, 0.010025742463767529, -0.017548665404319763, 0.02003701776266098, -0.028326701372861862, -0.004785013385117054, 0.01103121042251587, -0.019342593848705292, -0.008579025976359844, 0.0008648649672977626, -0.0007500318461097777, -0.001299331896007061, 0.0033003210555762053, -0.0026709996163845062, -0.005121374968439341, -0.01906771771609783, -0.01521945372223854, -0.03503946214914322, 0.01737505942583084, 0.015508796088397503, 0.045831967145204544, -0.014452693983912468, -0.0010759950382634997, 0.025375399738550186, -0.013881240971386433, 0.006495755165815353, 0.029744483530521393, -0.007674828637391329, -0.0015072972746565938, 0.021064186468720436, -0.006134076043963432, 0.023581473156809807, -0.015161585062742233, 9.30193200474605e-05, 0.011175882071256638, -0.012528561055660248, -0.0017758440226316452, -0.01714358478784561, 0.005182860419154167, -0.011016743257641792, 0.0241167563945055, 0.0022207091096788645, 0.0017053165938705206, -0.002661957638338208, 0.0028843902982771397, 0.033911027014255524, 0.025462202727794647, 0.015248388051986694, -0.02035529538989067, 0.004025487694889307, -0.005851966794580221, 0.0018481798470020294, -0.0018879645504057407, 0.01957406848669052, 0.005468586925417185, -0.015928344801068306, -0.04525328055024147, -0.01334595587104559, 0.006441503297537565, 0.023190859705209732, 0.02774801477789879, -0.023132991045713425, 0.011385655961930752, -0.012694933451712132, -0.0031249066814780235, 0.019096652045845985, -0.010879305191338062, 0.03518413379788399, 0.01830095797777176, 0.0018264790996909142, 0.0028536475729197264, -0.005276896990835667, 0.054859474301338196, -0.013280853629112244, -0.01779460720717907, 0.012456225231289864, -0.012051144614815712, 0.012854072265326977, -0.01857583411037922, 0.011732867918908596, 0.011132480576634407, 0.00855009164661169, 0.0001382291957270354, 0.04875433072447777, 0.004510137252509594, 0.004423334263265133, 0.033911027014255524, 0.024869048967957497, -0.005692827980965376, 0.03833797574043274, 0.005935152526944876, 0.04843605309724808, 0.0321749672293663, 0.02172967605292797, 0.007638660725206137, -0.015581131912767887, 0.01148692611604929, -0.014083781279623508, 0.004477586131542921, 0.008984106592833996, 0.003942301496863365, 0.006220879033207893, -0.005645809695124626, 0.021078653633594513, 0.02682211622595787, -0.0014403867535293102, -0.014452693983912468, 0.0020000850781798363, -0.0002610870578791946, -0.01631895825266838, 0.016130885109305382, -0.016449162736535072, -0.017114650458097458, -0.00031714729266241193, -0.01779460720717907, -0.0219611506909132, -0.018127351999282837, 0.02278577908873558, -0.00562772573903203, -0.0009566409862600267, 0.00760972686111927, 0.013548496179282665, 0.006043656263500452, 0.017910344526171684, 0.007551858201622963, -0.030930789187550545, -0.03425823524594307, 0.03139374032616615, 0.010004041716456413, -0.014286321587860584, -0.0047777798026800156, -0.014496095478534698, -0.0231474582105875, -0.005331148859113455, -1.1090548468928318e-05, -0.013049378991127014, -0.019979149103164673, 0.018923046067357063, 0.0019096651813015342, -0.003622215474024415, 0.024333763867616653, 0.020326361060142517, -0.009360252879559994, -0.006484904792159796, 0.008398187346756458, 0.009627895429730415, 0.013266386464238167, -0.02223602682352066, -0.026489371433854103, 0.02851477451622486, -0.0007776098791509867, -0.0015904834726825356, -0.025737078860402107, 0.03506839647889137, 0.000936748692765832, -0.013685934245586395, -0.01737505942583084, -0.00046520965406671166, 0.009461523033678532, 0.02388528175652027, -0.0013626257423311472, -0.008745398372411728, -0.026011954993009567, 0.0012893857201561332, 0.022134756669402122, 0.007573558948934078, -0.047857366502285004, -0.0018328084843233228, 0.03654404729604721, 0.011320553719997406, 0.008998573757708073, 0.016926579177379608, -0.003332872176542878, -0.006361933890730143, 0.025013720616698265, -0.039640020579099655, -0.009519391693174839, 0.021787544712424278, -0.018995381891727448, -0.013497861102223396, -0.004676509648561478, 0.00964959617704153, 0.0028391804080456495, 0.02337893284857273, -0.01384507305920124, -0.01485777460038662, -1.6317941117449664e-05, 0.0015814414946362376, 0.0058230324648320675, -0.013360423035919666, 0.013888474553823471, 0.03003382682800293, -0.011834138073027134, 0.007862902246415615, 0.01370763499289751, 0.01563900150358677, 0.026243429630994797, 0.014293555170297623, -0.04597663879394531, -0.008304150775074959, 0.014778205193579197, 0.0062570469453930855, 0.0025878134183585644, 0.010466990992426872, 0.02810969389975071, 0.02384188026189804, -0.0016085674287751317, 0.003123098285868764, -0.003956768661737442, -0.009164946153759956, -0.012767269276082516, 0.01462629996240139, -0.00825351569801569, -0.0013490627752617002, 0.0021031636279076338, -0.03512626513838768, 0.02755994163453579, 0.0019530666759237647, 0.006220879033207893, -0.006723613012582064, -0.011870305053889751, -0.002598663792014122, -0.01614535227417946, -0.014430993236601353, 0.00760972686111927, -0.0017505264841020107, -0.018127351999282837, -0.035155199468135834, -0.043719761073589325, 0.001900623319670558, -0.005486670881509781, 0.02265557460486889, -0.017895877361297607, -0.0008155861869454384, -0.03506839647889137, -0.027024656534194946, 0.006300448440015316, -0.0004936918849125504, -0.024521837010979652, -0.014698635786771774, -0.015233920887112617, -0.012600896880030632, 0.033303406089544296, 0.026069823652505875, 0.018373293802142143, 0.008166712708771229, -0.007479522377252579, -0.010372954420745373, -0.017505263909697533, -0.004426951054483652, -0.017621001228690147, 0.008694763295352459, -0.00788460299372673, -0.023624874651432037, 0.009027508087456226, 0.013772737234830856, -0.014344190247356892, -0.010452523827552795, 0.02109312079846859, -0.002971193054690957, 0.02677871473133564, -0.014141649939119816, -0.022453034296631813, 0.018011614680290222, -0.0028446055948734283, 0.011313320137560368, 0.000275554193649441, 0.008456056006252766, -0.013902941718697548, 0.02232282981276512, -0.01623215526342392, 0.019617469981312752, -0.032811522483825684, -0.017765672877430916, 0.00202901940792799, -0.0077543980441987514, 0.007226346991956234, -0.018055016174912453, -0.015031380578875542, 0.011986042372882366, 0.0192123893648386, 0.0055843242444098, 0.030409973114728928, 0.00401102053001523, 0.02348020300269127, 0.01533519010990858, 0.0026095141656696796, -0.022250493988394737, -0.03153841197490692, 0.0032297936268150806, -0.046294916421175, 0.009092610329389572, 0.016579367220401764, -0.011016743257641792, 0.008947938680648804, 0.00237803952768445, -0.03590749204158783, -0.010633363388478756, 0.014047613367438316, -0.014083781279623508, 0.004737995099276304, -0.025013720616698265, 0.024420566856861115, 0.002643873682245612, -0.016854243353009224, -0.014452693983912468, 0.012260918505489826, -0.010206582024693489, 0.019516199827194214, -0.0008549187914468348, 0.02498478628695011, 0.011291619390249252, 0.006332999560981989, 0.002643873682245612, -0.0364861786365509, -0.016029614955186844, 0.004549921955913305, 0.006817649584263563, 0.026301298290491104, -0.0006044560577720404, 0.002338254824280739, -0.020471032708883286, 0.012760035693645477, -0.015118183568120003, -0.03472118452191353, -0.014886708930134773, 0.003099589142948389, 0.0004430568078532815, 0.032811522483825684, 0.05294980853796005, -0.003996553365141153, 0.02525966241955757, -0.008701996877789497, 0.0007934333407320082, -0.003967619035393, -0.0039820862002670765, -0.006249813362956047, 0.002177307615056634, 0.004047188442200422, 0.04085526242852211, 0.028037358075380325, -0.006929770112037659, 0.003224368439987302, -0.013584664091467857, 0.005269663408398628, -0.007956938818097115, -0.02282918058335781, -0.01187753863632679, -0.047481220215559006, -0.0194004625082016, 0.0008499457035213709, -0.003293087473139167, 0.021671807393431664, -0.03301406279206276, 0.01362083200365305, 0.009410887956619263, -0.0006329382886178792, 0.018734972923994064, 0.021064186468720436, 0.008607960306107998, 0.006398101802915335, 0.01197157520800829, -0.006155776791274548, 0.00807267613708973, -0.020688040181994438, -0.021339062601327896, 0.0012640681816264987, 0.01093717385083437, 0.0022659189999103546, 0.02481118030846119, 0.0011926365550607443, -0.0045029036700725555, 0.0006926153437234461, -0.018590301275253296, 0.030381038784980774, -0.02747313864529133, 0.014054846949875355, 0.013671467080712318, -0.0047777798026800156, -0.0027144011110067368, 0.001321936841122806, -0.010720166377723217, -0.0013101822696626186, 0.008817734196782112, 0.01563900150358677, -0.01348339393734932, 0.0016998914070427418, -0.008947938680648804, -0.028688380494713783, -0.02306065522134304, -0.020716974511742592, 0.036659784615039825, -0.0019277491373941302, 0.0010425398359075189, 0.019226856529712677, 0.009338552132248878, -0.0077905659563839436, -0.003481160616502166, 0.004662042483687401, -0.005323915276676416, 0.03839584439992905, 0.028370102867484093, 0.013736569322645664, -0.01265876553952694, 0.0013065654784440994, 0.01623215526342392, -0.018214154988527298, -0.0029169414192438126, -0.013736569322645664, -0.008803267031908035, 0.00036800841917283833, -0.017230387777090073, 0.0237116776406765, -0.02421802654862404, -0.0009593535796739161, -0.023494670167565346, -0.017259322106838226, -0.0241167563945055, 0.0008617002749815583, -0.02365380898118019, 0.013693167828023434, -0.008947938680648804, 0.015089249238371849, 0.02952747605741024, 0.0006844775634817779, -0.009309617802500725, -0.025331998243927956, -0.003076080000028014, 0.027429737150669098, 0.0037976298481225967, 0.02673531323671341, -0.004683743230998516, -0.007443354465067387, 0.022843647748231888, 0.00992447230964899, -0.00434376485645771, -0.010459757409989834, 0.015074782073497772, 0.03729633986949921, -0.034923724830150604, 0.015494328923523426, 0.0034269087482243776, -0.005096057429909706, -0.004926068242639303, 0.0037903962656855583, -0.0047596958465874195, -0.011725634336471558, -0.04707614332437515, 0.016217688098549843, 0.03943748027086258, 0.01490117609500885, -0.021020784974098206, -0.0005257909069769084, -0.0060183387249708176, 0.023263195529580116, -0.023538071662187576, -0.004394399933516979, -0.0014611833030357957, -0.0004559416265692562, -0.04756802320480347, 0.006314915604889393, 0.006636810023337603, 0.024420566856861115, -0.014286321587860584, -0.005067123100161552, 0.021020784974098206, 0.02394315041601658, -0.0071323104202747345, 0.014452693983912468, -0.0205867700278759, 0.006416185759007931, -0.03223283588886261, 0.01384507305920124, 0.0002025402500294149, -0.026171093806624413, 0.023827413097023964, -0.03628363832831383, -0.04643958806991577, -0.010633363388478756, 0.00719741266220808, 0.006307682022452354, -0.007624194025993347, -0.002177307615056634, 0.02278577908873558, -0.0038410311099141836, 0.007812266703695059, -0.019053250551223755, -0.015349657274782658, 0.04102886840701103, 0.013186817057430744, 0.0052913641557097435, 0.011769035831093788, -0.016564900055527687, 0.015986213460564613, -0.0014512371271848679, -0.029831286519765854, 0.0036601917818188667, -0.021078653633594513, 0.001093174796551466, -0.0008820447255857289, 0.011262685060501099, -0.018272023648023605, -0.002043486572802067, -0.009808734990656376, -0.0077543980441987514, 0.0018056825501844287, 0.016449162736535072, 0.015161585062742233, -0.023928683251142502, -0.009736399166285992, -0.021295661106705666, 0.012723867781460285, 0.020977383479475975, -0.01655043289065361, -0.025201793760061264, -0.032030295580625534, 0.0026456820778548717, -0.015754738822579384, -0.018604768440127373, 0.008911770768463612, 0.03608109802007675, -0.0021791160106658936, -0.015595599077641964, -0.013063846156001091, -0.029686614871025085, -0.009664063341915607, 0.00046611385187134147, -0.0036656169686466455, 0.005707295145839453, 0.035097330808639526, 0.005027338396757841, 0.0002038965467363596, 0.02316192537546158, -0.003470310242846608, 0.006745313759893179, -0.010698465630412102, 0.007848435081541538, 0.015986213460564613, -0.016246622428297997, -0.0035336040891706944, 0.02751654013991356, -0.01425738725811243, -0.007284215651452541, 0.03194349259138107, 0.0005764259258285165, 0.03081505186855793, 0.02407335489988327, -0.00439078314229846, -0.036428309977054596, -0.025520071387290955, -0.014770971611142159, 0.005848350003361702, 0.018633702769875526, -0.008000340312719345, -0.019603002816438675, -0.012803437188267708, -0.019516199827194214, 0.008636894635856152, 0.006025572307407856, -0.0075446246191859245, 0.013005977496504784, -0.010221049189567566, 0.003361806506291032, -0.024362698197364807, 0.006528306286782026, -0.005898985080420971, -0.02663404308259487, 0.03694912791252136, 0.006495755165815353, 0.004549921955913305, 0.0047777798026800156, 0.017186986282467842, 0.015147117897868156, -0.017114650458097458, 0.031104395166039467, -0.03859838470816612, -0.02599748782813549, 0.02802289091050625, -0.008991340175271034, -0.051792435348033905, -0.0009277067147195339, -0.00905644241720438, -0.015667935833334923, -0.029657680541276932, -0.0033003210555762053, -0.015798140317201614, -0.005074356682598591, -0.009483223780989647, 0.01733165793120861, -0.037759289145469666, -0.04123140871524811, 0.010032976046204567, -0.012123480439186096, 0.011949874460697174, -0.03865625336766243, -0.014279088005423546, 0.009403654374182224, 0.004676509648561478, 0.00202901940792799, -0.0017939279787242413, -0.04620811343193054, 0.002813862869516015, 0.011870305053889751, -0.002218900714069605, 0.00742888730019331, 0.22765524685382843, -0.008130544796586037, 0.018821775913238525, 0.04030551016330719, -0.03223283588886261, 0.008658595383167267, 0.005906218662858009, -0.0048501156270504, -0.0018644554074853659, 0.02109312079846859, -0.007602493278682232, 0.008694763295352459, -0.01056826114654541, 0.0075952596962451935, 0.020528901368379593, 0.0006546390359289944, -0.026518305763602257, -0.033303406089544296, -0.03856945037841797, -0.008043741807341576, 0.019964681938290596, 0.007486755959689617, -0.024420566856861115, -0.02141139842569828, 0.017490796744823456, 0.01614535227417946, -0.014250153675675392, -0.01024998351931572, 0.021744143217802048, -0.008969639427959919, -0.03677552193403244, 0.021150989457964897, 0.008376486599445343, 0.018908578902482986, -0.016926579177379608, 0.004669276066124439, 0.04337254911661148, -0.022481968626379967, 0.01439482532441616, 0.019183455035090446, 0.031654149293899536, -0.011233750730752945, -0.030062761157751083, 0.021570537239313126, 0.004926068242639303, -0.011407356709241867, -0.013353189453482628, -0.017447395250201225, -0.005320298485457897, 0.037441011518239975, 0.003287662286311388, -0.010423589497804642, 0.040276575833559036, 0.016203220933675766, 0.01302044466137886, 0.015667935833334923, 0.01912558637559414, 0.0035100949462503195, -0.007128693629056215, 0.03208816424012184, -0.008839434944093227, 0.01908218488097191, -0.020803777500987053, 0.009497690945863724, -0.01572580449283123, -0.014575664885342121, -0.010553793981671333, -0.0063764010556042194, -0.0034594598691910505, -0.020977383479475975, -0.011096312664449215, -0.04299640282988548, 0.02443503402173519, 0.016029614955186844, -0.03770142048597336, -0.014286321587860584, -0.00044916014303453267, -0.007515690289437771, 0.007682062219828367, 0.04351722076535225, -0.03431610390543938, -0.01701338030397892, 0.007906303741037846, -0.03145160898566246, -0.029513008892536163, -0.02828329987823963, 0.014481628313660622, -0.0034721186384558678, -0.017230387777090073, 0.0007102472009137273, 0.002511860802769661, -0.0028898154851049185, -0.005320298485457897, 0.00609790813177824, -0.016854243353009224, 0.013794437982141972, -0.01935706101357937, -0.00013743802264798433, 0.015233920887112617, -0.013382123783230782, -0.04910154268145561, 0.018055016174912453, 0.017953746020793915, 0.006148543208837509, -0.01724485494196415, -0.02906452678143978, -0.0023762311320751905, 0.014373124577105045, 0.02282918058335781, -0.016709571704268456, -0.02563580870628357, -0.011342254467308521, -0.0142139857634902, -0.00392060074955225, -0.010778035037219524, -0.007501223124563694, 0.016810841858386993, -0.005327532067894936, -0.010633363388478756, -0.004130374640226364, 1.6657013475196436e-05, -0.0403633788228035, -0.012637064792215824, -0.007052741013467312, -0.00896240584552288, 0.030207432806491852, -0.0037108268588781357, -0.014546730555593967, 0.031480543315410614, -0.03359274938702583, 0.021845413371920586, -0.01171840075403452, 0.025230728089809418, -0.006271514110267162, 0.0020091270562261343, 0.0018255749018862844, -0.009258982725441456, -0.005096057429909706, -0.0002979330893140286, -0.004557155538350344, 0.016608301550149918, -0.034923724830150604, -0.03272471949458122, -0.0017342509236186743, 0.01834435947239399, -0.03043890744447708, 0.016955513507127762, 0.0024322913959622383, -0.004607790615409613, -0.02553453855216503, -0.03894559666514397, 0.006358317099511623, 0.03969788923859596, -0.04406697303056717, 0.0005687402444891632, -0.03237750753760338, -0.012904707342386246, -0.04727868363261223, 0.02732846699655056, -0.026937853544950485, -0.010763567872345448, 0.018228622153401375, 0.022496435791254044, 0.007602493278682232, -0.04016083851456642, -0.03952428326010704, -0.18622130155563354, 0.014915643259882927, -0.0011691274121403694, 0.003989319782704115, -0.013946343213319778, -0.010821436531841755, 0.014329723082482815, 0.016246622428297997, -0.004907984286546707, 0.011544794775545597, 0.015016913414001465, -0.02498478628695011, -0.049448754638433456, -0.02018168941140175, -0.033303406089544296, -0.026764247566461563, -0.025201793760061264, -0.01861923560500145, 0.03113332949578762, 0.010893772356212139, 0.030786117538809776, 0.0064125689677894115, -0.00048012888873927295, 0.007783332373946905, -0.0006849296623840928, -0.017953746020793915, -0.015827074646949768, 0.007034657057374716, -0.01320851780474186, -0.009490457363426685, -0.016391294077038765, -0.0003652958257589489, -0.0006397197721526027, -0.008188413456082344, 0.008535624481737614, -0.0075952596962451935, -0.010322319343686104, -0.01751973107457161, 0.0031990509014576674, -0.00016750259965192527, 0.01655043289065361, 0.031191198155283928, -0.007399952970445156, -0.02893432229757309, 0.001717071165330708, 0.021150989457964897, 0.008817734196782112, -0.021888814866542816, -0.0007626906153745949, 0.004510137252509594, 0.02067357301712036, -0.026113225147128105, 0.015494328923523426, -0.010228282772004604, 0.027661211788654327, -0.0022803861647844315, -0.029744483530521393, 0.024753311648964882, -0.021295661106705666, 0.01158096268773079, 0.0143080223351717, -0.022308362647891045, 0.031712017953395844, 0.004676509648561478, 0.012875773012638092, -0.011740101501345634, -0.014322489500045776, -0.012000509537756443, -0.034055694937705994, 0.020210623741149902, -0.015002446249127388, -0.003654766594991088, 0.028326701372861862, -0.03882985934615135, 0.03090185485780239, 0.01362083200365305, -0.029426205903291702, 0.017765672877430916, -0.015045847743749619, -0.010134246200323105, -0.021150989457964897, 0.01242729090154171, -0.0009729165467433631, 0.030554642900824547, -0.02407335489988327, 0.03379528969526291, -0.01893751323223114, 0.026388101279735565, -0.007522923871874809, -0.006322149187326431, 0.016955513507127762, 0.004159308969974518, 0.009953406639397144, -0.009041975252330303, 0.006824883166700602, 0.012391122989356518, 0.01953066699206829, 0.00035105471033602953, 0.023046188056468964, -0.011277152225375175, -0.005049039144068956, -0.01760653406381607, -0.0031719249673187733, 0.00829691719263792, 0.0014105482259765267, 0.013360423035919666, -0.005996637977659702, 0.004025487694889307, 0.02219262532889843, -0.001680903253145516, -0.026836583390831947, 0.015147117897868156, 0.01357019692659378, 0.03466331586241722, 0.019646404311060905, 0.025114990770816803, -0.01561006624251604, 0.0014946385053917766, -0.026243429630994797, 0.0037252940237522125, 0.05471480265259743, 0.015450927428901196, -0.026561707258224487, 0.0031900089234113693, -0.008926237933337688, 0.022583238780498505, -0.11157074570655823, -0.016854243353009224, 0.0035046697594225407, 0.025143925100564957, 0.015407525934278965, 0.019429396837949753, -0.016883177682757378, -0.001859030220657587, 0.0006171148270368576, 0.015942811965942383, -0.012904707342386246, -0.024796713143587112, -0.02026849240064621, 0.01673850603401661, -0.0042388783767819405, 0.02361040748655796, -0.039003465324640274, -0.020471032708883286, -0.010119779035449028, 0.014959044754505157, 0.02329212985932827, 0.0014530455227941275, 0.011110779829323292, -0.031480543315410614, 0.008636894635856152, 0.017114650458097458, -0.026344699785113335, 0.0018662638030946255, 0.019646404311060905, 0.0009322277037426829, 0.006748930551111698, -0.010004041716456413, 0.02316192537546158, -0.005953236483037472, -0.003063421230763197, -0.007906303741037846, -0.033534880727529526, -0.009049208834767342, 0.017042314633727074, -0.006918919738382101, 0.0008277928573079407, -0.014886708930134773, 0.0001815176656236872, 0.007515690289437771, 0.011899239383637905, -0.006998489145189524, -0.006980405189096928, 0.036254703998565674, 0.007240814156830311, -0.004329297691583633, -0.030467841774225235, 0.00494053540751338, 0.006842967122793198, -0.028268832713365555, 0.02916579693555832, -0.00978703424334526, 0.008868369273841381, 0.009439822286367416, -0.021396931260824203, -0.01646362990140915, -0.013989744707942009, -0.018011614680290222, -0.011335020884871483, -0.009244515560567379, 0.02008041925728321, 0.012926408089697361, -0.020933981984853745, 0.01219581626355648, 0.009801501408219337, 0.020933981984853745, -0.022366231307387352, 0.024724377319216728, -0.008448822423815727, 0.012405590154230595, -0.0014539497205987573, 0.01929919235408306, -0.014987979084253311, -0.029180264100432396, 0.013309787958860397, -0.009946173056960106, -0.026851050555706024, -0.012665999121963978, 0.0097002312541008, -0.009005807340145111, -0.002924175001680851, -0.009483223780989647, -0.018141819164156914, -0.0018065867479890585, 0.011631597764790058, -0.03475011885166168, 0.022583238780498505, 0.02870284765958786, 0.047105077654123306, -0.008651361800730228, -0.02183094620704651, 0.0014964469010010362, 0.011132480576634407, 0.006723613012582064, 0.006181094329804182, -0.0006709145964123309, -0.021353529766201973, 0.00443780142813921, -0.03937961161136627, 0.011674999259412289, 0.015393058769404888, -0.02128119394183159, -0.0016564899124205112, 0.003488394198939204, -0.0231474582105875, -0.033911027014255524, -0.009664063341915607, -0.005830266047269106, -0.010069143958389759, -0.0030833135824650526, -0.017302723601460457, -0.005298597738146782, -0.008181179873645306, -0.013642532750964165, 0.02191774919629097, 0.0030923555605113506, 0.019140053540468216, -0.024869048967957497, -0.011429057456552982, -0.005056272726505995, 0.018923046067357063, 0.020210623741149902, 0.014373124577105045, 0.010691232047975063, -0.03237750753760338, 0.008759865537285805, -0.013671467080712318, -0.037759289145469666, 0.03819330409169197, -0.023407867178320885, -0.01935706101357937, 0.011515860445797443, -0.0028482223860919476, -0.03072824887931347, 0.014886708930134773, 0.007588026113808155, 0.0006817649700678885, -0.005649426486343145, 0.011769035831093788, -0.015986213460564613, -0.004513754043728113, 0.010177647694945335, -0.007009339518845081, -0.0004932397860102355, -0.011291619390249252, 0.009779800660908222, 0.001097695785574615, -0.01830095797777176, 0.004625874571502209, 0.012868539430201054, -0.008752631954848766, -0.032030295580625534, 0.01302044466137886, -0.030207432806491852, -0.018677104264497757, -0.017866943031549454, 0.01720145344734192, 0.008897303603589535, 0.037990763783454895, -0.009483223780989647, 0.01908218488097191, -0.0032496859785169363, 0.009707464836537838, -0.023509137332439423, -0.0028084376826882362, 0.0020489117596298456, 0.014293555170297623, -0.03483692184090614, -0.010264450684189796, 0.014040379785001278, -0.01552326325327158, 0.02269897609949112, 0.01898091472685337, 0.006101524922996759, -0.02637363411486149, -0.007949705235660076, -0.005895368289202452, 0.012318787164986134, 0.020876113325357437, -0.008861135691404343, -0.010683998465538025, 0.017259322106838226, 0.018908578902482986, 0.009121544659137726, 0.003953151870518923, -0.0033039378467947245, 0.013808905147016048, 0.004463118966668844, 0.010011275298893452, 0.004737995099276304, -0.042620256543159485, -0.011233750730752945, 0.030149564146995544, 0.01663723587989807, -0.0009747249423526227, -0.0019801927264779806, -0.0025136691983789206, -0.017129117622971535, 0.006521072704344988, -0.0003668781719170511, 0.012029443867504597, 0.012904707342386246, 0.007360168267041445, -0.0013581047533079982, -0.03677552193403244, 0.006636810023337603, 0.024753311648964882, 0.024507369846105576, -0.006358317099511623, 0.019603002816438675, 0.015364124439656734, 0.026474904268980026, -0.0066187260672450066, 0.012318787164986134, -0.01270216703414917, -0.007696529384702444, -0.014698635786771774, 0.028717314824461937, 0.03527093678712845, 0.018821775913238525, 0.036110032349824905, -0.004748845472931862, 0.03527093678712845, 0.03286939114332199, -0.005880901124328375, -0.017823541536927223, 0.014293555170297623, 0.0014223027974367142, -0.0005949619808234274, -0.028905387967824936, -0.0036601917818188667, -0.009461523033678532, 0.028992190957069397, 0.018648169934749603, 0.006846583914011717, 0.011754568666219711, -0.009779800660908222, 0.09166393429040909, 0.009758099913597107, -0.0013653383357450366, 0.003654766594991088, -0.014590132050216198, 0.023726144805550575, -0.00016818074800539762, 0.02018168941140175, -0.006029189098626375, -0.020601237192749977, 0.023031720891594887, -0.003027253318578005, -0.02893432229757309, 0.0018789225723594427, -0.012774502858519554, -0.009844902902841568, -0.0032533027697354555, 0.0360521636903286, -0.027704613283276558, 0.024753311648964882, 0.00850669015198946, 0.03810650110244751, 0.010105311870574951, 0.013338722288608551, -0.0010814202250912786, -0.024087822064757347, 0.004133991431444883, -0.014423759654164314, -0.007168478332459927, -0.01517605222761631, -0.015537730418145657, -0.0005149405333213508, -0.027386335656046867, -0.02316192537546158, 0.007421653717756271, -0.00023283087648451328, -0.01724485494196415, -0.007891836576163769, 0.008101610466837883, 0.012586429715156555, -0.0012839605333283544, -0.0054107182659208775, -0.03049677610397339, -0.03252217918634415, -0.018083950504660606, 0.009121544659137726, -0.0005194615223444998, -0.018951980397105217, -0.042707059532403946]"
